[{"_allAttributes":{"publicAttributes":[],"privateAttributes":[{"name":"accounts","memberType":0,"location":{"uri":"file:///Users/paulasaran/Desktop/SFDX%20Project%20-%20Pedro/trailhead/force-app/main/default/lwc/listgemAcc/listgemAcc.js","range":{"start":{"line":4,"character":4},"end":{"line":4,"character":13}}},"detail":"LWC custom attribute"}]},"_properties":null,"_methods":[{"type":"method","name":"wiredAccounts","loc":{"start":{"line":7,"column":4},"end":{"line":14,"column":5}},"decorator":"wire"}],"file":"/Users/paulasaran/Desktop/SFDX Project - Pedro/trailhead/force-app/main/default/lwc/listgemAcc/listgemAcc.js","metadata":{"decorators":[{"type":"wire","targets":[{"name":"wiredAccounts","adapter":{"name":"getAccounts","reference":"@salesforce/apex/Controller.getAccounts"},"type":"method"}]}],"declarationLoc":{"start":{"line":4,"column":0},"end":{"line":15,"column":1}},"classMembers":[{"type":"property","name":"accounts","loc":{"start":{"line":5,"column":4},"end":{"line":5,"column":13}}},{"type":"method","name":"wiredAccounts","loc":{"start":{"line":7,"column":4},"end":{"line":14,"column":5}},"decorator":"wire"}],"exports":[{"type":"ExportDefaultDeclaration"}]},"updatedAt":"2023-02-28T03:46:52.067Z"}]